venue_standard,matches,total_runs,total_wickets,total_balls,runs_per_ball,runs_per_over,wickets_per_match,boundary_pct,six_pct,batting_first_win_pct,chasing_win_pct,avg_first_innings_runs,avg_second_innings_runs,avg_first_innings_wickets,avg_second_innings_wickets,venue_experience,venue_reliability
Arun Jaitley Stadium,41,14804.0,488,9929,1.4909860006042905,8.945916003625744,11.902439024390244,0.19951656763017422,0.07110484439520597,51.28205128205128,48.717948717948715,187.1951219512195,172.8780487804878,5.7560975609756095,6.048780487804878,High,1.0
Barabati Stadium,7,2278.0,80,1695,1.343952802359882,8.063716814159292,11.428571428571429,0.16696165191740414,0.040117994100294985,57.14285714285714,42.857142857142854,167.71428571428572,157.71428571428572,6.0,5.428571428571429,Low,0.23333333333333334
"Barsapara Cricket Stadium, Guwahati",8,2612.0,101,1799,1.451917732073374,8.711506392440244,12.625,0.19066147859922178,0.061145080600333516,50.0,50.0,168.875,157.625,7.125,5.5,Low,0.26666666666666666
"Bharat Ratna Shri Atal Bihari Vajpayee Ekana Cricket Stadium, Lucknow",26,8552.0,321,6194,1.3806909912818857,8.284145947691314,12.346153846153847,0.17113335485954148,0.05440749112043913,41.66666666666667,58.333333333333336,172.19230769230768,162.8,6.653846153846154,5.84,Medium,0.8666666666666667
Brabourne Stadium,27,9305.0,331,6526,1.4258351210542446,8.555010726325467,12.25925925925926,0.185105730922464,0.05102666258044744,51.85185185185185,48.148148148148145,178.5185185185185,166.11111111111111,6.185185185185185,6.074074074074074,Medium,0.9
Buffalo Park,3,799.0,38,715,1.1174825174825176,6.7048951048951055,12.666666666666666,0.11608391608391608,0.03776223776223776,66.66666666666666,33.33333333333333,147.33333333333334,119.0,6.333333333333333,6.333333333333333,Very Low,0.1
De Beers Diamond Oval,3,897.0,39,726,1.2355371900826446,7.413223140495868,13.0,0.1322314049586777,0.046831955922865015,33.33333333333333,66.66666666666666,158.0,141.0,6.333333333333333,6.666666666666667,Very Low,0.1
Dr DY Patil Sports Academy,37,11383.0,470,8898,1.2792762418521015,7.67565745111261,12.702702702702704,0.1539671836367723,0.05147224095302315,45.94594594594595,54.054054054054056,159.64864864864865,148.0,6.594594594594595,6.108108108108108,High,1.0
Dr. Y.S. Rajasekhara Reddy ACA-VDCA Cricket Stadium,17,5295.0,221,4000,1.32375,7.9425,13.0,0.1645,0.061,52.94117647058824,47.05882352941176,169.52941176470588,141.94117647058823,6.588235294117647,6.411764705882353,Medium,0.5666666666666667
Dubai International Cricket Stadium,46,14450.0,545,11229,1.286846558019414,7.721079348116484,11.847826086956522,0.14996883070620715,0.04408228693561315,48.837209302325576,51.162790697674424,163.7608695652174,149.08695652173913,5.760869565217392,5.934782608695652,High,1.0
Eden Gardens,104,33315.0,1195,24198,1.3767666749318126,8.260600049590876,11.490384615384615,0.18084139185056616,0.05583106041821638,44.11764705882353,55.88235294117647,167.7596153846154,154.05825242718447,6.153846153846154,5.388349514563107,Very High,1.0
Feroz Shah Kotla,60,18421.0,697,13950,1.3205017921146953,7.923010752688172,11.616666666666667,0.1645878136200717,0.04559139784946237,47.45762711864407,52.54237288135594,161.63333333333333,147.84745762711864,6.0,5.711864406779661,High,1.0
Green Park,4,1298.0,49,921,1.4093376764386536,8.456026058631922,12.25,0.20304017372421282,0.03908794788273615,0.0,100.0,161.25,163.25,7.75,4.5,Very Low,0.13333333333333333
Himachal Pradesh Cricket Association Stadium,15,4969.0,173,3457,1.4373734451836853,8.624240671102111,11.533333333333333,0.20248770610355799,0.06306045704367949,64.28571428571429,35.714285714285715,183.13333333333333,158.71428571428572,4.8,7.214285714285714,Medium,0.5
Holkar Cricket Stadium,9,2872.0,92,1965,1.4615776081424936,8.769465648854961,10.222222222222221,0.19185750636132315,0.07888040712468193,11.11111111111111,88.88888888888889,160.33333333333334,158.77777777777777,6.888888888888889,3.3333333333333335,Low,0.3
JSCA International Stadium Complex,7,2056.0,81,1671,1.2304009575104728,7.382405745062837,11.571428571428571,0.13764213046080193,0.045481747456612806,28.57142857142857,71.42857142857143,149.0,144.71428571428572,5.571428571428571,6.0,Low,0.23333333333333334
Kingsmead,15,4353.0,201,3643,1.1948943178698874,7.1693659072193245,13.4,0.13477902827340105,0.03568487510293714,60.0,40.0,152.0,138.2,7.133333333333334,6.266666666666667,Medium,0.5
M Chinnaswamy Stadium,104,34320.0,1222,24128,1.4224137931034482,8.534482758620689,11.75,0.18501326259946949,0.06610576923076923,44.0,56.00000000000001,174.05769230769232,157.20388349514562,6.163461538461538,5.621359223300971,Very High,1.0
MA Chidambaram Stadium,95,30097.0,1149,23118,1.3018859762955273,7.811315857773163,12.094736842105263,0.15226230642789168,0.046154511635954666,54.83870967741935,45.16129032258064,165.0842105263158,151.3684210526316,6.073684210526316,5.989473684210527,Very High,1.0
"Maharaja Yadavindra Singh International Cricket Stadium, Mullanpur",10,3184.0,144,2313,1.3765672287073065,8.259403372243838,14.4,0.17163856463467358,0.058798097708603544,50.0,50.0,163.0,155.4,7.9,6.5,Low,0.3333333333333333
"Maharaja Yadavindra Singh International Cricket Stadium, New Chandigarh",5,2109.0,54,1243,1.6967015285599356,10.180209171359614,10.8,0.22928399034593724,0.10378117457763475,40.0,60.0,217.0,204.8,5.6,5.2,Very Low,0.16666666666666666
Maharashtra Cricket Association Stadium,35,11115.0,434,8414,1.3210125980508676,7.926075588305205,12.4,0.1591395293558355,0.05514618492987877,51.42857142857142,48.57142857142857,168.28571428571428,149.28571428571428,5.885714285714286,6.514285714285714,High,1.0
"Narendra Modi Stadium, Ahmedabad",37,13159.0,460,8866,1.4842093390480486,8.905256034288293,12.432432432432432,0.19084141664786827,0.07139634558989398,48.64864864864865,51.35135135135135,186.56756756756758,169.0810810810811,6.378378378378378,6.054054054054054,High,1.0
Nehru Stadium,5,1363.0,62,1155,1.18008658008658,7.080519480519481,12.4,0.14025974025974025,0.033766233766233764,60.0,40.0,146.8,125.8,5.6,6.8,Very Low,0.16666666666666666
New Wanderers Stadium,8,2292.0,92,1940,1.1814432989690722,7.088659793814433,11.5,0.1283505154639175,0.032989690721649485,37.5,62.5,144.0,142.5,6.5,5.0,Low,0.26666666666666666
Newlands,7,1797.0,93,1539,1.1676413255360625,7.005847953216374,13.285714285714286,0.13580246913580246,0.04093567251461988,66.66666666666666,33.33333333333333,139.42857142857142,112.57142857142857,7.142857142857143,6.0,Low,0.23333333333333334
OUTsurance Oval,2,529.0,25,500,1.058,6.348000000000001,12.5,0.1,0.016,50.0,50.0,135.0,129.5,6.0,6.5,Very Low,0.06666666666666667
Punjab Cricket Association IS Bindra Stadium,61,19864.0,690,14476,1.3722022658192872,8.233213594915723,11.311475409836065,0.16869300911854104,0.041586073500967116,44.26229508196721,55.73770491803278,168.27868852459017,157.36065573770492,6.065573770491803,5.245901639344262,Very High,1.0
Rajiv Gandhi International Stadium,87,27898.0,1020,20669,1.3497508345831921,8.098505007499153,11.724137931034482,0.16701340171270987,0.05084909768251972,45.88235294117647,54.11764705882353,166.6206896551724,155.43023255813952,6.344827586206897,5.441860465116279,Very High,1.0
"Sardar Patel Stadium, Motera",12,3767.0,145,2893,1.3021085378499828,7.812651227099897,12.083333333333334,0.15070860698237123,0.04493605254061528,54.54545454545454,45.45454545454545,163.16666666666666,149.0,6.583333333333333,5.166666666666667,Medium,0.4
Saurashtra Cricket Association Stadium,10,3333.0,109,2381,1.3998320033599327,8.398992020159596,10.9,0.17219655606887863,0.04367912641747165,33.33333333333333,66.66666666666666,168.9,162.7,6.2,4.5,Low,0.3333333333333333
Sawai Mansingh Stadium,66,21267.0,710,15689,1.3555357256676652,8.133214354005991,10.757575757575758,0.16820702402957485,0.043597424947415385,34.84848484848485,65.15151515151516,167.37878787878788,154.84848484848484,5.636363636363637,5.121212121212121,Very High,1.0
Shaheed Veer Narayan Singh International Stadium,6,1741.0,60,1431,1.2166317260656883,7.29979035639413,10.0,0.143256464011181,0.030747728860936407,33.33333333333333,66.66666666666666,146.33333333333334,143.83333333333334,6.166666666666667,3.8333333333333335,Low,0.2
Sharjah Cricket Stadium,28,8583.0,322,6672,1.2864208633093526,7.718525179856115,11.5,0.147931654676259,0.05905275779376499,35.714285714285715,64.28571428571429,159.03571428571428,147.5,6.214285714285714,5.285714285714286,Medium,0.9333333333333333
Sheikh Zayed Stadium,29,8857.0,329,6925,1.2789891696750904,7.673935018050543,11.344827586206897,0.14974729241877258,0.0368231046931408,40.74074074074074,59.25925925925925,158.86206896551724,145.6206896551724,5.827586206896552,5.379310344827586,Medium,0.9666666666666667
St George's Park,7,2033.0,77,1677,1.212283840190817,7.273703041144902,11.0,0.12701252236135957,0.03697078115682767,42.857142857142854,57.14285714285714,159.0,131.42857142857142,4.714285714285714,6.285714285714286,Low,0.23333333333333334
Subrata Roy Sahara Stadium,16,4528.0,183,3825,1.1837908496732026,7.1027450980392155,11.4375,0.13071895424836602,0.03607843137254902,62.5,37.5,149.4375,133.5625,5.125,6.3125,Medium,0.5333333333333333
SuperSport Park,12,3653.0,133,2866,1.2745987438939288,7.647592463363573,11.083333333333334,0.15282623866015352,0.0418702023726448,33.33333333333333,66.66666666666666,154.83333333333334,149.58333333333334,6.333333333333333,4.75,Medium,0.4
"Vidarbha Cricket Association Stadium, Jamtha",3,882.0,48,742,1.1886792452830188,7.132075471698113,16.0,0.12398921832884097,0.03504043126684636,66.66666666666666,33.33333333333333,149.33333333333334,144.66666666666666,8.0,8.0,Very Low,0.1
Wankhede Stadium,130,43423.0,1564,31374,1.3840441129597756,8.304264677758653,12.03076923076923,0.18072289156626506,0.058902275769745646,44.96124031007752,55.03875968992248,172.46153846153845,161.43076923076924,6.115384615384615,5.9,Very High,1.0
"Zayed Cricket Stadium, Abu Dhabi",8,2475.0,93,1874,1.3207043756670225,7.924226254002135,11.625,0.16061899679829242,0.03895410885805763,37.5,62.5,159.0,150.375,6.75,4.875,Low,0.26666666666666666
